{
  "value": 1129.755030825957,
  "params": {
    "actor_lr": 4.291397459986918e-05,
    "critic_lr": 7.317519514681432e-05,
    "alpha_lr": 2.6006127828822917e-05,
    "batch_size": 1024,
    "update_every": 5
  }
}